{"cameraMode":{"drawMode":0,"name":"Shaded","section":"Shading Mode"},"sceneLighting":false,"audioPlay":false,"sceneViewState":{"showFog":true,"showMaterialUpdate":true,"showSkybox":false,"showFlares":true,"showImageEffects":true,"showParticleSystems":true},"in2DMode":false,"pivot":{"x":8.34000015258789,"y":1.5589206218719483,"z":0.00020885467529296875},"rotation":{"x":0.05215222388505936,"y":0.03115231730043888,"z":-0.0016333619132637978,"w":0.9981734156608582},"size":1.0163992643356324,"orthographic":true}