{"cameraMode":{"drawMode":0,"name":"Shaded","section":"Shading Mode"},"sceneLighting":false,"audioPlay":false,"sceneViewState":{"showFog":true,"showMaterialUpdate":true,"showSkybox":false,"showFlares":true,"showImageEffects":true,"showParticleSystems":true},"in2DMode":false,"pivot":{"x":-3.780900478363037,"y":1.5054301023483277,"z":0.25783300399780276},"rotation":{"x":0.1651362180709839,"y":-0.005917586851865053,"z":0.0009915507398545743,"w":0.9862586259841919},"size":1.6313261985778809,"orthographic":false}