{"cameraMode":{"drawMode":0,"name":"Shaded","section":"Shading Mode"},"sceneLighting":false,"audioPlay":false,"sceneViewState":{"showFog":true,"showMaterialUpdate":true,"showSkybox":false,"showFlares":true,"showImageEffects":true,"showParticleSystems":true},"in2DMode":false,"pivot":{"x":1.6100000143051148,"y":0.227308988571167,"z":-0.09170925617218018},"rotation":{"x":0.4077194333076477,"y":0.013703524135053158,"z":-0.006101157050579786,"w":0.9129989743232727},"size":1.8759875297546387,"orthographic":true}