{"cameraMode":{"drawMode":0,"name":"Shaded","section":"Shading Mode"},"sceneLighting":false,"audioPlay":false,"sceneViewState":{"showFog":true,"showMaterialUpdate":true,"showSkybox":false,"showFlares":true,"showImageEffects":true,"showParticleSystems":true},"in2DMode":false,"pivot":{"x":161.8649139404297,"y":2.3599636554718019,"z":-0.2192545235157013},"rotation":{"x":0.05109020322561264,"y":0.7243471741676331,"z":-0.05398821830749512,"w":0.6854248046875},"size":1.859126329421997,"orthographic":false}