{"cameraMode":{"drawMode":0,"name":"Shaded","section":"Shading Mode"},"sceneLighting":false,"audioPlay":false,"sceneViewState":{"showFog":true,"showMaterialUpdate":true,"showSkybox":false,"showFlares":true,"showImageEffects":true,"showParticleSystems":true},"in2DMode":false,"pivot":{"x":-75.41487121582031,"y":-17.58203125,"z":-10.083003997802735},"rotation":{"x":0.1493641585111618,"y":-0.031141072511672975,"z":0.004706621635705233,"w":0.9882808923721314},"size":7.638609409332275,"orthographic":false}