{"cameraMode":{"drawMode":0,"name":"Shaded","section":"Shading Mode"},"sceneLighting":false,"audioPlay":false,"sceneViewState":{"showFog":true,"showMaterialUpdate":true,"showSkybox":false,"showFlares":true,"showImageEffects":true,"showParticleSystems":true},"in2DMode":false,"pivot":{"x":0.0,"y":0.44602343440055849,"z":-0.08728200197219849},"rotation":{"x":0.0063667744398117069,"y":-0.9932297468185425,"z":0.09504280984401703,"w":0.06654269993305206},"size":1.3987797498703004,"orthographic":true}