{"cameraMode":{"drawMode":0,"name":"Shaded","section":"Shading Mode"},"sceneLighting":false,"audioPlay":false,"sceneViewState":{"showFog":true,"showMaterialUpdate":true,"showSkybox":false,"showFlares":true,"showImageEffects":true,"showParticleSystems":true},"in2DMode":false,"pivot":{"x":-101.05277252197266,"y":-14.162291526794434,"z":-9.647340774536133},"rotation":{"x":0.19802874326705934,"y":0.03821676969528198,"z":-0.007726942654699087,"w":0.9794206619262695},"size":6.376317501068115,"orthographic":false}