{"cameraMode":{"drawMode":0,"name":"Shaded","section":"Shading Mode"},"sceneLighting":false,"audioPlay":false,"sceneViewState":{"showFog":true,"showMaterialUpdate":true,"showSkybox":false,"showFlares":true,"showImageEffects":true,"showParticleSystems":true},"in2DMode":false,"pivot":{"x":4.650000095367432,"y":2.299999952316284,"z":0.0},"rotation":{"x":0.12889637053012849,"y":0.02675645798444748,"z":-0.003548330394551158,"w":0.9913427829742432},"size":1.276603102684021,"orthographic":true}