{"cameraMode":{"drawMode":0,"name":"Shaded","section":"Shading Mode"},"sceneLighting":false,"audioPlay":false,"sceneViewState":{"showFog":true,"showMaterialUpdate":true,"showSkybox":false,"showFlares":true,"showImageEffects":true,"showParticleSystems":true},"in2DMode":false,"pivot":{"x":-63.04356384277344,"y":-16.23688316345215,"z":-11.274510383605957},"rotation":{"x":-0.2145712673664093,"y":0.6433115601539612,"z":-0.19477809965610505,"w":-0.708656370639801},"size":1.1321020126342774,"orthographic":false}