{"cameraMode":{"drawMode":0,"name":"Shaded","section":"Shading Mode"},"sceneLighting":false,"audioPlay":false,"sceneViewState":{"showFog":true,"showMaterialUpdate":true,"showSkybox":false,"showFlares":true,"showImageEffects":true,"showParticleSystems":true},"in2DMode":false,"pivot":{"x":-0.367315411567688,"y":-0.05233955383300781,"z":-0.31382203102111819},"rotation":{"x":-0.33255913853645327,"y":0.0023042468819767238,"z":-0.0006558438180945814,"w":-0.9431341886520386},"size":2.430562973022461,"orthographic":true}