{"cameraMode":{"drawMode":0,"name":"Shaded","section":"Shading Mode"},"sceneLighting":false,"audioPlay":false,"sceneViewState":{"showFog":true,"showMaterialUpdate":true,"showSkybox":true,"showFlares":true,"showImageEffects":true,"showParticleSystems":true},"in2DMode":false,"pivot":{"x":108.04568481445313,"y":9.628400802612305,"z":-4.667324542999268},"rotation":{"x":0.20417074859142304,"y":0.1837739199399948,"z":-0.03905407339334488,"w":0.9607428908348084},"size":37.727603912353519,"orthographic":false}