{"cameraMode":{"drawMode":0,"name":"Shaded","section":"Shading Mode"},"sceneLighting":false,"audioPlay":false,"sceneViewState":{"showFog":true,"showMaterialUpdate":true,"showSkybox":false,"showFlares":true,"showImageEffects":true,"showParticleSystems":true},"in2DMode":false,"pivot":{"x":5.731194972991943,"y":1.6635011434555054,"z":-0.011835165321826935},"rotation":{"x":-0.14855262637138368,"y":-0.0020598233677446844,"z":0.00043678793008439243,"w":-0.9889482855796814},"size":0.9387316107749939,"orthographic":true}