{"cameraMode":{"drawMode":0,"name":"Shaded","section":"Shading Mode"},"sceneLighting":false,"audioPlay":false,"sceneViewState":{"showFog":true,"showMaterialUpdate":true,"showSkybox":false,"showFlares":true,"showImageEffects":true,"showParticleSystems":true},"in2DMode":false,"pivot":{"x":-13.350001335144043,"y":32.650001525878909,"z":-2.75},"rotation":{"x":0.23561662435531617,"y":-0.018949823454022409,"z":0.0045945788733661179,"w":0.9716533422470093},"size":1.732050895690918,"orthographic":false}