{"cameraMode":{"drawMode":0,"name":"Shaded","section":"Shading Mode"},"sceneLighting":false,"audioPlay":false,"sceneViewState":{"showFog":true,"showMaterialUpdate":true,"showSkybox":false,"showFlares":true,"showImageEffects":true,"showParticleSystems":true},"in2DMode":false,"pivot":{"x":0.8049110174179077,"y":2.0559144020080568,"z":2.590287685394287},"rotation":{"x":0.26701638102531435,"y":-0.06354798376560211,"z":0.01764650084078312,"w":0.9614400863647461},"size":2.2323625087738039,"orthographic":true}