{"cameraMode":{"drawMode":0,"name":"Shaded","section":"Shading Mode"},"sceneLighting":false,"audioPlay":false,"sceneViewState":{"showFog":true,"showMaterialUpdate":true,"showSkybox":false,"showFlares":true,"showImageEffects":true,"showParticleSystems":true},"in2DMode":false,"pivot":{"x":9.9399995803833,"y":1.6200000047683716,"z":0.0},"rotation":{"x":0.03869054466485977,"y":0.0071940952911973,"z":-0.0002826033451128751,"w":0.9992464780807495},"size":0.8966725468635559,"orthographic":true}