{"cameraMode":{"drawMode":0,"name":"Shaded","section":"Shading Mode"},"sceneLighting":false,"audioPlay":false,"sceneViewState":{"showFog":true,"showMaterialUpdate":true,"showSkybox":false,"showFlares":true,"showImageEffects":true,"showParticleSystems":true},"in2DMode":false,"pivot":{"x":-13.350001335144043,"y":32.650001525878909,"z":0.0},"rotation":{"x":-0.22924822568893434,"y":0.006421376019716263,"z":-0.001512718154117465,"w":-0.9733490347862244},"size":1.732050895690918,"orthographic":false}