{"cameraMode":{"drawMode":0,"name":"Shaded","section":"Shading Mode"},"sceneLighting":false,"audioPlay":false,"sceneViewState":{"showFog":true,"showMaterialUpdate":true,"showSkybox":false,"showFlares":true,"showImageEffects":true,"showParticleSystems":true},"in2DMode":false,"pivot":{"x":8.630000114440918,"y":0.5299999713897705,"z":2.384185791015625e-7},"rotation":{"x":0.012673091143369675,"y":-0.6848196983337402,"z":0.7285078167915344,"w":0.011915632523596287},"size":1.7933449745178223,"orthographic":true}