{"cameraMode":{"drawMode":0,"name":"Shaded","section":"Shading Mode"},"sceneLighting":false,"audioPlay":false,"sceneViewState":{"showFog":true,"showMaterialUpdate":true,"showSkybox":false,"showFlares":true,"showImageEffects":true,"showParticleSystems":true},"in2DMode":false,"pivot":{"x":0.17774197459220887,"y":0.6316652894020081,"z":-0.12526826560497285},"rotation":{"x":-0.041656069457530978,"y":-0.7180164456367493,"z":0.043134547770023349,"w":-0.6934604048728943},"size":1.2754302024841309,"orthographic":true}