{"cameraMode":{"drawMode":0,"name":"Shaded","section":"Shading Mode"},"sceneLighting":false,"audioPlay":false,"sceneViewState":{"showFog":true,"showMaterialUpdate":true,"showSkybox":false,"showFlares":true,"showImageEffects":true,"showParticleSystems":true},"in2DMode":false,"pivot":{"x":-0.11056375503540039,"y":0.5367348790168762,"z":-0.09950582683086395},"rotation":{"x":-0.052860233932733539,"y":-0.7011193037033081,"z":0.05225921794772148,"w":-0.7091657519340515},"size":1.3987797498703004,"orthographic":true}