{"cameraMode":{"drawMode":0,"name":"Shaded","section":"Shading Mode"},"sceneLighting":false,"audioPlay":false,"sceneViewState":{"showFog":true,"showMaterialUpdate":true,"showSkybox":false,"showFlares":true,"showImageEffects":true,"showParticleSystems":true},"in2DMode":false,"pivot":{"x":13.12862777709961,"y":2.0334341526031496,"z":0.0660904049873352},"rotation":{"x":-0.1487528383731842,"y":0.09508804976940155,"z":-0.014323397539556027,"w":-0.984224259853363},"size":2.221463441848755,"orthographic":true}