{"cameraMode":{"drawMode":0,"name":"Shaded","section":"Shading Mode"},"sceneLighting":false,"audioPlay":false,"sceneViewState":{"showFog":true,"showMaterialUpdate":true,"showSkybox":false,"showFlares":true,"showImageEffects":true,"showParticleSystems":true},"in2DMode":false,"pivot":{"x":11.038747787475586,"y":1.4025897979736329,"z":-0.06015947461128235},"rotation":{"x":0.00793723575770855,"y":-0.9914594888687134,"z":0.07300390303134918,"w":0.10779288411140442},"size":1.5766847133636475,"orthographic":true}