{"cameraMode":{"drawMode":0,"name":"Shaded","section":"Shading Mode"},"sceneLighting":false,"audioPlay":false,"sceneViewState":{"showFog":true,"showMaterialUpdate":true,"showSkybox":false,"showFlares":true,"showImageEffects":true,"showParticleSystems":true},"in2DMode":false,"pivot":{"x":-7.1100006103515629,"y":4.769999980926514,"z":3.5762786865234377e-7},"rotation":{"x":0.2910304367542267,"y":-0.034432124346494678,"z":0.01048132125288248,"w":0.9560384750366211},"size":1.8962719440460206,"orthographic":true}