{"cameraMode":{"drawMode":0,"name":"Shaded","section":"Shading Mode"},"sceneLighting":false,"audioPlay":false,"sceneViewState":{"showFog":true,"showMaterialUpdate":true,"showSkybox":false,"showFlares":true,"showImageEffects":true,"showParticleSystems":true},"in2DMode":false,"pivot":{"x":15.033247947692871,"y":0.9616279602050781,"z":0.0},"rotation":{"x":0.04449515789747238,"y":0.7027695178985596,"z":-0.04411996901035309,"w":0.7086947560310364},"size":1.2983897924423218,"orthographic":true}