{"cameraMode":{"drawMode":0,"name":"Shaded","section":"Shading Mode"},"sceneLighting":false,"audioPlay":false,"sceneViewState":{"showFog":true,"showMaterialUpdate":true,"showSkybox":false,"showFlares":true,"showImageEffects":true,"showParticleSystems":true},"in2DMode":false,"pivot":{"x":15.729992866516114,"y":1.4499999284744263,"z":0.003781139850616455},"rotation":{"x":-0.05607059225440025,"y":-0.0035892976447939874,"z":0.00032591348281130195,"w":-0.9984664916992188},"size":1.5845695734024048,"orthographic":true}