{"cameraMode":{"drawMode":0,"name":"Shaded","section":"Shading Mode"},"sceneLighting":false,"audioPlay":false,"sceneViewState":{"showFog":true,"showMaterialUpdate":true,"showSkybox":false,"showFlares":true,"showImageEffects":true,"showParticleSystems":true},"in2DMode":false,"pivot":{"x":79.2607421875,"y":-13.185229301452637,"z":-10.27708625793457},"rotation":{"x":0.16720934212207795,"y":-0.004436627961695194,"z":0.0007524440297856927,"w":0.9859116077423096},"size":20.164764404296876,"orthographic":false}