{"cameraMode":{"drawMode":0,"name":"Shaded","section":"Shading Mode"},"sceneLighting":false,"audioPlay":false,"sceneViewState":{"showFog":true,"showMaterialUpdate":true,"showSkybox":false,"showFlares":true,"showImageEffects":true,"showParticleSystems":true},"in2DMode":false,"pivot":{"x":5.6399993896484379,"y":2.2300000190734865,"z":0.0},"rotation":{"x":0.11613698303699494,"y":0.0035757191944867374,"z":-0.0004171122272964567,"w":0.9932293891906738},"size":1.081980586051941,"orthographic":true}