{"cameraMode":{"drawMode":0,"name":"Shaded","section":"Shading Mode"},"sceneLighting":false,"audioPlay":false,"sceneViewState":{"showFog":true,"showMaterialUpdate":true,"showSkybox":false,"showFlares":true,"showImageEffects":true,"showParticleSystems":true},"in2DMode":false,"pivot":{"x":-2.7536420822143556,"y":-3.9312143325805666,"z":-0.7046468257904053},"rotation":{"x":-0.2522452175617218,"y":0.007840347476303578,"z":-0.002035098383203149,"w":-0.9676401019096375},"size":1.732050895690918,"orthographic":false}